﻿ECOG PERFORMANCE STATUS  ,KARNOFSKY PERFORMANCE STATUS  
"0—Fully active, able to carry on all pre-disease performance without restriction  ","100—Normal, no complaints; no evidence of disease  90—Able to carry on normal activity; minor signs or symptoms of disease  "
"1—Restricted in physically strenuous activity but ambulatory and able to carry out work of a light or sedentary nature, e.g., light house work, office work  ","80—Normal activity with effort, some signs or symptoms of disease  70—Cares for self but unable to carry on normal activity or to do active work  "
2—Ambulatory and capable of all selfcare but unable to carry out any work activities; up and about more than 50% of waking hours  ,60—Requires occasional assistance but is able to care for most of personal needs  50—Requires considerable assistance and frequent medical care  
3—Capable of only limited selfcare; confined to bed or chair more than 50% of waking hours  ,40—Disabled; requires special care and assistance  30—Severely disabled; hospitalization is indicated although death not imminent  
4—Completely disabled; cannot carry on any selfcare; totally confined to bed or chair  ,20—Very ill; hospitalization and active supportive care necessary  10—Moribund  
5—Dead  ,0—Dead  
