﻿FUNCTIONAL WELL-BEING  ,,Not  at all  ,Alittle  bit  ,Some- what  ,Quite a bit  ,Very much  
FI  ,. I am able to work (include work at home) ................. ,....... 0  ,1  ,2  ,3  ,4  
CF2  ,. My work (include work at home) is fulfilling.............. ,-..... 0  ,1  ,2  ,3  ,4  
GF3  ,I am able to enjoy Jjfe_·-·-·------·-·-·------·-·-·----·-·-·-·----·-·-·-·- ,---·-·· 0  ,1  ,2  ,3  ,4  
F4  ,I have accepted my illness..........................-.-...-.-....-.-... ,.-.... 0  ,1  ,2  ,3  ,4  
GES  ,I am sleeping well ____·-·-·-·----·-·-·------·-·-·----·---·-·----·-·-·------ ,·-·-·· 0  ,1  ,2  ,3  ,4  
CF6  ,. I am enjoying the things I usually do for fun ............. ,........ 0  ,1  ,2  ,3  ,4  
GF7  ,.. I am content with the quality of my life right now..... ,....... 0  ,1  ,2  ,3  ,4  
