﻿,EMOTIONAL WELL-BEING  ,Not  at all  ,A little  bit  ,Some- what  ,Quite a bit  ,Very much  
GE I  ,I feel sad_·-·------·-·-·----·-·-·-·----·-·-·-·----·-·-·-·----·-·-·------·-·-··------ ,·-·· 0  ,1  ,2  ,3  ,4  
GE2  ,I am satisfied with how I am coping with my illness...... ,... 0  ,1  ,2  ,3  ,4  
CiE3  ,I am losing hope in the fight against my illness .............. ,.. .. 0  ,1  ,2  ,3  ,4  
iE4  ,"I feel nervous, ___________________________________________________________________ ",____ 0  ,1  ,2  ,3  ,4  
GE3  ,I wony about dymg _________________________________________________________ ,____ 0  ,1  ,2  ,3  ,4  
GE6  ,I worry that my condition will get worse ........................ ,.- .. 0  ,1  ,2  ,3  ,4  
