﻿,HALI YA KIMWILI  ,Hata kidogo  ,Kidogo  ,Wastani  ,Zaidi ya wastani  ,Sana  
GP1  ,Nina upungufu wa nguvu..............  ,0  ,1  ,2  ,3  ,4  
GP2  ,Nina kichefuchefu……………….  ,0  ,1  ,2  ,3  ,4  
GP3  ,Kutokana na hali yangu ya kimwili nina matatizo ya kukidhi mahitaji ya familia yangu………..  ,0  ,1  ,2  ,3  ,4  
GP4  ,Nina maumivu...............................  ,0  ,1  ,2  ,3  ,4  
GP5  ,Ninasumbuliwa na athari mbaya za matibabu………………………  ,0  ,1  ,2  ,3  ,4  
GP6  ,Ninajisikia mgonjwa......................  ,0  ,1  ,2  ,3  ,4  
GP7  ,Ninalazimika kukaa kitandani…...  ,0  ,1  ,2  ,3  ,4  
