﻿FUNCTIONAL WELL-BEING  ,,Not at all  ,A little bit  ,Some-what  ,Quite a bit  ,Very much  
GF1  ,I am able to work (include work at home)….  ,0  ,1  ,2  ,3  ,4  
GF2  ,My work (include work at home) is fulfilling  ,0  ,1  ,2  ,3  ,4  
GF3  ,I am able to enjoy life………………………  ,0  ,1  ,2  ,3  ,4  
GF4  ,I have accepted my illness………………….  ,0  ,1  ,2  ,3  ,4  
GF5  ,I am sleeping well…………………………  ,0  ,1  ,2  ,3  ,4  
GF6  ,I am enjoying the things I usually do for fun  ,0  ,1  ,2  ,3  ,4  
GF7  ,I am content with the quality of my life right now………………………………………...  ,0  ,1  ,2  ,3  ,4  
