﻿Visit Number  ,Screening  ,Placebo-Controlled Phasea  ,,,,Apremilast Extension Phaseb  ,,,,Post-Treatment Observational Follow-upd  
,1  ,Baseline 2  ,3  ,4  ,5  ,6  ,7  ,8  ,9/ETc  ,56 (or 4 weeks after study discontinuation)  
Week  ,-35 to 0 days  ,0 (Day 1)  ,(± 3 days)  2  ,4  (± 3 days)  ,16 (± 3 days)  ,20 (± 4 days)  ,32 (± 4 days)  ,44 (± 4 days)  ,52 (± 4 days)  
Dispense IP  ,- ,X  ,- ,X  ,X  ,X  ,X  ,X  ,- ,- 
Return and Count IP Tablets  ,- ,- ,- ,X  ,X  ,X  ,X  ,X  ,X  ,- 
