﻿1.  ,"Over the last week, how itchy, sore, painful or stinging has your skin been?  ",_ Very much _ A lot _ A little _ Not at all  ,
2.  ,"Over the last week, how embarrassed or self conscious have you been because of your skin?  ",_ Very much _ A lot _ A little _ Not at all  ,
3.  ,"Over the last week, how much has your skin interfered with you going shopping or looking after your home or garden?  ",_ Very much _ A lot _ A little _ Not at all  ,_ Not relevant  
4.  ,"Over the last week, how much has your skin influenced the clothes you wear?  ",_ Very much _ A lot _ A little _ Not at all  ,_ Not relevant  
5.  ,"Over the last week, how much has your skin affected any social or leisure activities?  ",_ Very much _ A lot _ A little _ Not at all  ,_ Not relevant  
6.  ,"Over the last week, how much has your skin made it difficult for you to do any sport?  ",_ Very much _ A lot _ A little _ Not at all  ,_ Not relevant  
7.  ,"Over the last week, has your skin prevented you from working or studying?  ",_ Yes _ No  ,_ Not relevant  
,"If “No”, over the last week how much has your skin been a problem at work or studying?  ",_ A lot _ A little _ Not at all  ,
